{"cameraMode":{"drawMode":0,"name":"Shaded","section":"Shading Mode"},"sceneLighting":true,"audioPlay":false,"sceneViewState":{"showFog":true,"showMaterialUpdate":false,"showSkybox":true,"showFlares":true,"showImageEffects":true,"showParticleSystems":true},"in2DMode":false,"pivot":{"x":-1.8178274631500245,"y":4.9447245597839359,"z":-5.511430263519287},"rotation":{"x":0.19817285239696504,"y":-0.007941034622490406,"z":0.0016055477317422629,"w":0.9801340103149414},"size":6.346595287322998,"orthographic":false}